﻿<?xml version="1.0" encoding="utf-8"?>
<!-- 
Manifest template to demonstrate the proper XML namespace declarations for
SCORM 2004 4th Edition manifests that do not use metadata. 

Provided by Rustici Software - www.scorm.com.
-->
<manifest identifier="Online-Course-With-Knowledge-Check" version="1" xmlns="http://www.imsglobal.org/xsd/imscp_v1p1" xmlns:adlcp="http://www.adlnet.org/xsd/adlcp_v1p3" xmlns:adlseq="http://www.adlnet.org/xsd/adlseq_v1p3" xmlns:adlnav="http://www.adlnet.org/xsd/adlnav_v1p3" xmlns:imsss="http://www.imsglobal.org/xsd/imsss" xmlns:xsi="http://www.w3.org/2001/XMLSchema-instance" xsi:schemaLocation="http://www.imsglobal.org/xsd/imscp_v1p1 imscp_v1p1.xsd                                        http://www.adlnet.org/xsd/adlcp_v1p3 adlcp_v1p3.xsd                                        http://www.adlnet.org/xsd/adlseq_v1p3 adlseq_v1p3.xsd                                        http://www.adlnet.org/xsd/adlnav_v1p3 adlnav_v1p3.xsd                                        http://www.imsglobal.org/xsd/imsss imsss_v1p0.xsd">
    <metadata>
        <schema>ADL SCORM</schema>
        <schemaversion>2004 4th Edition</schemaversion>
        <adlcp:location>metadata.xml</adlcp:location>
    </metadata>
    <organizations default="B0">
        <organization identifier="B0" adlseq:objectivesGlobalToSystem="false">
            <title>Course Name</title>
            <item identifier="i1" identifierref="r1" isvisible="true">
                <title>Course Name</title>
                <imsss:sequencing>
                    <imsss:deliveryControls completionSetByContent="true" objectiveSetByContent="true" />
                </imsss:sequencing>
            </item>
            <imsss:sequencing>
                <imsss:controlMode choice="true" flow="true" />
            </imsss:sequencing>
        </organization>
    </organizations>
    <resources>
        <resource identifier="r1" type="webcontent" adlcp:scormType="sco" href="Default.htm">
            <file href="Default.htm" />
            <file href="Content/Course-Test/Question5.htm" />
            <file href="Content/Course-Content/13-Videos.htm" />
            <file href="Content/Resources/Images/Coins.jpg" />
            <file href="Content/Course-Content/8-Melaya Leff.htm" />
            <file href="Content/Course-Content/10-Shaaby.htm" />
            <file href="Content/Resources/Stylesheets/Styles.css" />
            <file href="Content/Resources/TableStyles/Alternate-Row-Color.css" />
            <file href="Content/Course-Knowledge-Check/Second-Knowledge-Check.htm" />
            <file href="Content/Course-Content/5-Saidi.htm" />
            <file href="Content/Course-Test/Question1.htm" />
            <file href="Content/Resources/Images/Coins1.jpg" />
            <file href="Content/Resources/Images/Minus.png" />
            <file href="Content/Resources/Images/Backmatter-Heading-Background.png" />
            <file href="Content/Course-Content/4-Beledi.htm" />
            <file href="Content/Course-Content/2-Classical Egyptian dance.htm" />
            <file href="Content/Course-Content/12-Fusions.htm" />
            <file href="Content/Course-Test/Question4.htm" />
            <file href="Content/Course-Test/Question3.htm" />
            <file href="Content/Course-Test/Test-Intro.htm" />
            <file href="Content/Course-Content/7-Khaleegy.htm" />
            <file href="Content/Resources/Images/Fellahi dancers.jpg" />
            <file href="Content/Course-Content/9-Dabke.htm" />
            <file href="Content/Course-Content/11-Drum solo.htm" />
            <file href="Content/Resources/Images/oum_kalthoum.jpg" />
            <file href="Content/Resources/Images/Plus.png" />
            <file href="Content/Resources/Images/Shaaby.jpg" />
            <file href="Content/Resources/Images/Tribal.jpg" />
            <file href="Content/Course-Content/6-Fellahi.htm" />
            <file href="Content/Template Instructions.pdf" />
            <file href="Content/Course-Content/1-Course-Title.htm" />
            <file href="Content/Resources/Images/Khaleegy.jpg" />
            <file href="Content/Course-Test/Question2.htm" />
            <file href="Content/Resources/Images/Melaya leff.jpg" />
            <file href="Content/Course-Knowledge-Check/The-End.htm" />
            <file href="Content/Course-Knowledge-Check/First-Knowledge-Check.htm" />
            <file href="Content/Resources/Images/arabian night.jpg" />
            <file href="Content/Resources/Images/Drum solo - Sadie costume.png" />
            <file href="Content/Resources/Images/Saidi.jpg" />
            <file href="Content/Resources/Images/Dabuka.png" />
            <file href="Content/Resources/Images/FCBD.jpg" />
            <file href="Content/Resources/Images/Dabke.jpg" />
            <file href="Content/Resources/Images/Baladi dancer.jpg" />
            <file href="Content/Print-Only-Topics/Title-Page.htm" />
            <file href="Content/Course-Content/3-Megance.htm" />
            <file href="Content/Resources/Images/Dabuka2.png" />
            <file href="Resources/Scripts/jquery.min.js" />
            <file href="Resources/Scripts/purify.min.js" />
            <file href="Resources/Scripts/require.min.js" />
            <file href="Resources/Scripts/require.config.js" />
            <file href="Resources/Scripts/foundation.min.js" />
            <file href="Resources/Scripts/plugins.min.js" />
            <file href="Resources/Scripts/MadCapAll.js" />
            <file href="Resources/Scripts/lmsapiwrapper.js" />
        </resource>
    </resources>
</manifest>